Kunden_ID;Branche;Monat;Verbrauch_kWh;Tarif_Cent_kWh;Netz_und_Einkauf_Cent_kWh;Kundenzufriedenheit_Score
445353;Metallverarbeitung;Februar;23264.0;28.67;22.2;1
860957;Logistik;Februar;53529.0;39.35;36.28;2
981167;Logistik;Februar;45174.0;34.8;29.76;1
543712;Bäckerei;Januar_FEHLER;70182.0;26.79;33.42;10
717841;Bäckerei;März;7140.0;43.09;29.95;2
205595;Logistik;Januar_FEHLER;29882.0;26.08;22.48;6
633660;Logistik;Januar_FEHLER;82176.0;36.62;26.06;8
399741;Metallverarbeitung;Februar;23329.0;29.78;37.62;6
904336;Supermarkt;März;75929.0;39.24;37.55;1
208445;Supermarkt;März;4372.0;44.17;25.37;7
378385;Hotel;März;11036.0;26.98;31.78;3
240296;Bäckerei;Februar;60400.0;38.23;30.71;9
895721;Hotel;Februar;60663.0;30.74;35.05;3
810912;Bäckerei;März;20823.0;42.73;24.83;6
852106;Bäckerei;Februar;54901.0;41.29;34.97;3
980680;Supermarkt;Januar_FEHLER;34482.0;43.62;24.27;7
345156;Metallverarbeitung;Januar_FEHLER;28611.0;41.36;22.08;5
203952;Supermarkt;Februar;72608.0;27.11;26.94;8
940036;Logistik;Februar;40854.0;35.16;22.38;4
280463;Bäckerei;Februar;10649.0;36.01;37.45;1
675883;Hotel;Januar_FEHLER;35220.0;44.95;24.63;1
922616;Logistik;Februar;;32.35;26.39;10
619531;Logistik;Januar_FEHLER;23925.0;26.55;29.1;4
631578;Metallverarbeitung;Februar;4434.0;34.56;30.46;7
525505;Logistik;Januar_FEHLER;84459.0;30.24;25.06;2
424808;Logistik;Januar_FEHLER;78525.0;43.58;32.12;10
845316;Logistik;März;68758.0;35.19;23.81;7
649838;Logistik;Februar;31164.0;36.17;35.15;5
703825;Supermarkt;Februar;15590.0;30.49;31.21;9
312659;Bäckerei;Februar;33281.0;28.13;34.91;7
570070;Supermarkt;Januar_FEHLER;48731.0;31.61;25.14;6
574565;Metallverarbeitung;März;70833.0;36.07;23.89;9
374445;Logistik;Januar_FEHLER;70214.0;39.17;33.78;2
500115;Bäckerei;März;24946.0;34.08;35.13;9
444473;Supermarkt;März;34663.0;32.24;29.88;6
805918;Bäckerei;Februar;80796.0;31.07;31.06;3
313645;Logistik;März;31423.0;38.48;23.35;3
792060;Metallverarbeitung;Januar_FEHLER;8872.0;35.01;23.89;3
363510;Logistik;März;56905.0;36.73;29.55;4
161214;Hotel;März;49771.0;43.67;31.3;3
885054;Bäckerei;Februar;80498.0;28.07;22.37;3
763641;Supermarkt;Februar;25819.0;33.39;23.73;3
856364;Metallverarbeitung;Februar;49159.0;26.24;28.74;4
861153;Bäckerei;Januar_FEHLER;21932.0;34.86;28.84;9
491711;Bäckerei;Februar;7996.0;40.35;25.45;4
655833;Logistik;März;69199.0;27.48;32.86;4
953796;Logistik;März;38570.0;38.46;37.53;3
673723;Hotel;Februar;28627.0;30.23;24.86;9
128178;Metallverarbeitung;März;38434.0;36.5;24.78;10
304893;Logistik;Februar;40535.0;27.05;23.25;4
997101;Metallverarbeitung;Februar;71879.0;44.51;25.76;6
421942;Hotel;Januar_FEHLER;24318.0;28.63;23.75;1
303671;Hotel;Januar_FEHLER;11372.0;31.52;37.52;4
397566;Bäckerei;Februar;54357.0;32.39;22.66;10
799128;Supermarkt;März;79308.0;35.51;35.31;2
645163;Bäckerei;Januar_FEHLER;11762.0;44.29;36.98;3
965948;Logistik;Januar_FEHLER;65341.0;27.32;27.29;7
508650;Metallverarbeitung;Februar;57728.0;42.12;28.28;4
719736;Hotel;Februar;77223.0;34.65;37.1;1
435241;Bäckerei;März;8891.0;31.62;33.96;7
646831;Hotel;Februar;25732.0;27.68;23.21;8
316594;Logistik;Februar;84033.0;40.98;33.11;2
799856;Hotel;Februar;38019.0;37.49;24.89;9
313622;Bäckerei;Februar;12877.0;42.5;32.46;3
939000;Logistik;Februar;;28.33;23.6;5
392235;Metallverarbeitung;Februar;30130.0;44.58;34.58;5
167217;Bäckerei;März;69547.0;42.92;27.17;10
191566;Metallverarbeitung;März;4662.0;31.32;36.08;8
297767;Metallverarbeitung;März;35817.0;26.93;35.45;10
385387;Logistik;Januar_FEHLER;7372.0;37.87;33.59;3
649660;Supermarkt;Januar_FEHLER;25819.0;34.84;36.92;5
294004;Supermarkt;Februar;49322.0;36.71;28.49;3
938394;Supermarkt;Februar;14088.0;34.02;25.38;8
574976;Logistik;März;34544.0;32.12;35.99;2
247500;Logistik;Februar;57850.0;41.72;31.84;9
790821;Hotel;Januar_FEHLER;37887.0;44.17;25.86;10
970404;Bäckerei;Februar;33329.0;38.69;24.22;6
487143;Supermarkt;März;30460.0;33.08;27.75;1
992248;Logistik;März;43672.0;41.82;24.1;4
138744;Metallverarbeitung;Februar;73126.0;32.15;27.87;3
830930;Hotel;Januar_FEHLER;39597.0;26.67;31.62;1
371724;Bäckerei;Februar;35246.0;26.33;30.0;10
435030;Supermarkt;Februar;49186.0;43.18;28.48;2
733122;Logistik;März;26074.0;31.13;28.89;3
575496;Logistik;Januar_FEHLER;47179.0;35.71;37.45;4
410031;Supermarkt;Januar_FEHLER;46551.0;33.16;33.55;6
607341;Hotel;Februar;6487.0;28.89;34.14;10
151855;Logistik;März;24939.0;30.61;29.32;5
938653;Metallverarbeitung;Januar_FEHLER;58384.0;44.13;37.39;1
831270;Supermarkt;März;4823.0;42.94;36.27;9
953238;Bäckerei;März;43614.0;36.1;25.8;7
905461;Bäckerei;Januar_FEHLER;59701.0;27.22;32.61;1
360842;Supermarkt;März;41994.0;32.3;29.32;8
291126;Bäckerei;Januar_FEHLER;27137.0;33.91;27.97;8
224427;Logistik;Februar;27068.0;33.23;28.92;5
532752;Metallverarbeitung;Januar_FEHLER;35846.0;30.18;35.18;10
448940;Supermarkt;Februar;26476.0;31.52;22.16;9
825472;Bäckerei;Januar_FEHLER;37481.0;36.94;30.52;1
419550;Bäckerei;Januar_FEHLER;43302.0;32.39;26.71;8
429206;Supermarkt;Februar;66551.0;41.45;32.61;5
311129;Supermarkt;März;36484.0;39.22;25.15;2
124561;Supermarkt;Februar;14451.0;26.18;28.57;2
937996;Supermarkt;Januar_FEHLER;12481.0;39.12;30.57;9
345992;Hotel;Januar_FEHLER;42393.0;43.98;34.72;6
758986;Logistik;Februar;50616.0;29.9;31.97;8
512397;Supermarkt;Januar_FEHLER;41049.0;41.44;29.29;2
974809;Supermarkt;März;29079.0;27.59;29.87;5
924043;Supermarkt;März;47732.0;30.79;36.83;6
152018;Supermarkt;März;59069.0;38.99;25.98;1
676045;Bäckerei;Februar;74089.0;27.32;33.61;8
982600;Supermarkt;März;57005.0;29.23;25.46;2
587385;Supermarkt;März;23562.0;41.51;33.2;6
999785;Bäckerei;März;53986.0;27.29;26.12;6
117298;Supermarkt;Februar;33259.0;41.37;32.99;2
180407;Metallverarbeitung;Februar;60370.0;43.41;32.85;4
199843;Logistik;Januar_FEHLER;31643.0;27.38;24.55;9
971197;Metallverarbeitung;März;35182.0;35.48;23.31;3
271792;Bäckerei;Januar_FEHLER;70055.0;32.75;27.74;5
852980;Logistik;Januar_FEHLER;58333.0;35.36;37.32;6
756722;Metallverarbeitung;März;18566.0;42.22;33.16;10
326928;Logistik;März;60074.0;44.68;34.01;9
738478;Logistik;Februar;62135.0;31.22;35.08;4
570067;Supermarkt;März;45447.0;28.68;25.82;5
805615;Bäckerei;Januar_FEHLER;53088.0;36.74;26.83;8
811923;Bäckerei;Februar;55002.0;34.67;32.25;3
309681;Supermarkt;Januar_FEHLER;20398.0;33.62;32.12;4
325970;Metallverarbeitung;Februar;49252.0;34.66;36.41;9
182841;Metallverarbeitung;Februar;66318.0;40.96;23.03;10
171022;Logistik;Februar;75198.0;39.3;33.27;5
730704;Supermarkt;März;40402.0;33.94;35.09;2
768906;Hotel;Januar_FEHLER;79807.0;43.31;31.46;7
139697;Metallverarbeitung;Februar;56281.0;39.15;29.97;2
652352;Logistik;März;20175.0;32.86;24.92;6
238985;Hotel;Februar;34832.0;43.17;23.76;6
622704;Bäckerei;März;18973.0;31.22;25.36;9
344777;Logistik;März;22635.0;38.42;36.82;9
655098;Metallverarbeitung;Februar;29440.0;40.99;25.95;3
817068;Hotel;Januar_FEHLER;4446.0;40.77;28.73;6
650386;Metallverarbeitung;Januar_FEHLER;22075.0;43.78;27.08;10
223166;Supermarkt;Januar_FEHLER;11096.0;33.8;33.58;7
140145;Supermarkt;März;35162.0;34.56;33.97;3
567345;Supermarkt;Februar;47669.0;31.14;23.16;5
731804;Logistik;Februar;18904.0;41.62;23.3;9
267056;Bäckerei;Januar_FEHLER;37822.0;44.96;27.13;1
278304;Bäckerei;Februar;4891.0;33.13;24.54;8
874815;Hotel;März;41942.0;30.36;29.19;9
137065;Bäckerei;Februar;51226.0;43.75;25.89;2
912992;Bäckerei;März;33106.0;33.55;28.09;4
486804;Bäckerei;März;;27.76;30.28;6
358428;Hotel;Februar;58204.0;37.46;37.88;7
139334;Supermarkt;Februar;35311.0;42.03;30.69;8
659870;Metallverarbeitung;Januar_FEHLER;28156.0;37.85;30.48;7
460982;Logistik;Februar;56455.0;26.12;37.11;10
824576;Bäckerei;Januar_FEHLER;61118.0;38.05;26.67;3
669154;Logistik;Januar_FEHLER;78144.0;29.03;23.94;8
221923;Metallverarbeitung;Februar;81346.0;31.73;34.9;2
981086;Supermarkt;Februar;45573.0;44.47;31.1;9
549631;Metallverarbeitung;März;5335.0;27.84;35.25;8
432131;Hotel;Januar_FEHLER;78068.0;28.19;30.24;1
248562;Hotel;Februar;29790.0;42.78;30.33;2
200414;Metallverarbeitung;Februar;30074.0;38.45;33.77;4
415126;Bäckerei;Februar;55921.0;28.05;37.02;6
937197;Metallverarbeitung;Februar;19445.0;38.23;28.75;3
280730;Hotel;Januar_FEHLER;54691.0;28.85;23.15;4
572427;Logistik;Februar;71250.0;26.05;25.86;3
355024;Bäckerei;Januar_FEHLER;10228.0;31.62;23.49;3
257045;Metallverarbeitung;Januar_FEHLER;79782.0;43.71;37.16;10
564861;Bäckerei;Februar;4782.0;32.39;34.56;10
384397;Hotel;Februar;40076.0;33.83;22.58;7
854123;Hotel;Februar;54251.0;36.24;35.77;1
228627;Hotel;Januar_FEHLER;47553.0;40.77;37.71;10
529477;Metallverarbeitung;März;70458.0;35.83;25.66;5
931243;Bäckerei;März;13547.0;30.66;26.91;1
776757;Bäckerei;März;12155.0;39.04;33.61;4
622145;Supermarkt;Januar_FEHLER;15541.0;38.37;26.33;3
192767;Bäckerei;Februar;26885.0;35.89;23.64;10
570699;Hotel;Januar_FEHLER;19754.0;38.33;26.52;7
149112;Logistik;Januar_FEHLER;80139.0;29.65;31.74;10
455040;Hotel;März;;37.15;24.65;4
847237;Hotel;Januar_FEHLER;60757.0;29.92;24.02;1
967401;Supermarkt;Februar;54343.0;31.51;26.06;2
529413;Bäckerei;Februar;84690.0;28.66;35.38;10
853067;Supermarkt;Februar;39675.0;43.4;28.34;10
914827;Logistik;März;10000.0;32.94;34.61;4
597223;Hotel;Januar_FEHLER;11117.0;35.09;34.76;6
516392;Metallverarbeitung;Februar;20652.0;41.28;32.55;10
462824;Logistik;Februar;5555.0;41.18;31.26;6
510012;Logistik;März;45180.0;31.94;30.14;6
498189;Hotel;Februar;56458.0;40.33;30.76;1
402622;Hotel;Januar_FEHLER;68056.0;29.87;25.85;1
969337;Hotel;März;82821.0;29.34;32.43;8
570681;Hotel;Januar_FEHLER;;31.84;36.71;5
827246;Supermarkt;März;24456.0;42.43;29.21;2
427121;Logistik;Februar;16358.0;31.41;29.66;10
646005;Metallverarbeitung;März;19087.0;31.18;22.6;5
644702;Metallverarbeitung;Januar_FEHLER;60668.0;28.7;29.13;9
645805;Bäckerei;März;63965.0;40.89;24.53;6
677193;Logistik;Februar;47182.0;30.89;32.5;8
160321;Metallverarbeitung;März;47856.0;42.38;29.27;5
250020;Bäckerei;Februar;45828.0;43.39;32.09;9
893303;Logistik;Januar_FEHLER;23187.0;29.77;30.94;5
814078;Supermarkt;Januar_FEHLER;39075.0;34.26;30.7;8
827580;Bäckerei;Januar_FEHLER;19645.0;41.95;27.88;10
665799;Hotel;März;49483.0;27.02;34.27;10
759803;Hotel;Januar_FEHLER;80015.0;36.75;30.17;5
284423;Logistik;März;69011.0;33.42;32.96;4
924073;Metallverarbeitung;Januar_FEHLER;18840.0;30.17;31.58;8
990119;Supermarkt;Februar;65636.0;30.05;25.7;6
464694;Hotel;Februar;67865.0;31.24;33.87;2
855744;Supermarkt;Februar;74378.0;30.43;35.04;2
660899;Logistik;März;;31.19;36.41;4
183124;Hotel;März;83469.0;30.75;23.28;3
335204;Bäckerei;März;65574.0;33.95;23.64;2
237374;Metallverarbeitung;Januar_FEHLER;46638.0;32.04;30.49;3
916582;Bäckerei;Februar;13299.0;37.43;25.26;1
412302;Hotel;Januar_FEHLER;47331.0;31.46;37.78;10
321044;Bäckerei;März;19319.0;42.09;23.18;5
352234;Bäckerei;März;37516.0;39.05;30.72;6
577321;Metallverarbeitung;März;7829.0;44.08;29.25;7
266146;Metallverarbeitung;März;76603.0;33.68;34.85;2
783969;Hotel;Februar;20769.0;27.85;25.61;4
212122;Bäckerei;März;21780.0;41.14;30.1;4
945809;Supermarkt;Januar_FEHLER;35520.0;36.57;29.08;3
680582;Hotel;Februar;20739.0;29.69;28.73;6
325907;Supermarkt;Januar_FEHLER;20553.0;42.89;35.22;7
111754;Metallverarbeitung;Januar_FEHLER;6050.0;39.55;37.54;7
289069;Logistik;Januar_FEHLER;80221.0;30.65;34.47;8
193643;Hotel;Februar;53419.0;27.88;26.26;8
432212;Supermarkt;März;19038.0;36.5;31.02;9
989477;Logistik;Januar_FEHLER;8817.0;31.25;36.3;4
839549;Supermarkt;März;68204.0;40.39;26.28;1
843407;Supermarkt;Januar_FEHLER;22533.0;41.56;36.7;8
631376;Logistik;Januar_FEHLER;54574.0;35.63;31.73;7
374366;Supermarkt;März;13388.0;31.63;32.23;1
904650;Logistik;Februar;67770.0;32.34;29.54;3
588098;Metallverarbeitung;März;83137.0;38.78;26.02;2
474952;Metallverarbeitung;Januar_FEHLER;11140.0;34.44;33.58;4
374478;Bäckerei;Februar;20689.0;28.33;28.58;9
392768;Hotel;März;6067.0;38.34;22.9;5
527511;Hotel;Februar;59330.0;29.35;36.68;5
825342;Supermarkt;März;34968.0;41.24;26.06;6
201462;Logistik;Januar_FEHLER;76672.0;43.98;22.48;1
813914;Logistik;März;50674.0;39.46;33.99;2
767000;Hotel;März;52837.0;40.77;35.13;2
598477;Metallverarbeitung;Februar;23359.0;35.51;27.99;9
147122;Metallverarbeitung;Februar;5340.0;33.71;24.03;6
232530;Metallverarbeitung;Februar;79474.0;41.38;23.37;2
218256;Metallverarbeitung;Januar_FEHLER;78992.0;42.25;22.93;6
138444;Metallverarbeitung;Februar;80614.0;27.03;36.24;4
701473;Metallverarbeitung;Februar;21046.0;37.36;36.03;5
245727;Metallverarbeitung;Januar_FEHLER;43848.0;30.53;37.62;1
657931;Metallverarbeitung;März;28246.0;30.68;28.0;3
692589;Metallverarbeitung;März;71711.0;32.61;30.79;3
263346;Bäckerei;Januar_FEHLER;20002.0;27.4;28.59;2
997619;Supermarkt;Februar;59345.0;44.88;23.93;3
570693;Supermarkt;März;52809.0;41.33;23.23;7
972903;Hotel;Februar;80916.0;29.23;29.46;3
512120;Supermarkt;Januar_FEHLER;62352.0;35.14;22.8;8
166663;Bäckerei;März;78316.0;28.66;30.96;7
321239;Logistik;März;52265.0;40.39;29.12;3
282150;Metallverarbeitung;März;45995.0;28.85;37.0;9
647849;Hotel;Januar_FEHLER;37040.0;32.34;35.63;3
753312;Metallverarbeitung;März;38514.0;31.82;37.4;2
307404;Metallverarbeitung;Januar_FEHLER;47424.0;32.63;31.86;1
901092;Metallverarbeitung;Februar;45159.0;31.77;27.09;5
351150;Supermarkt;Januar_FEHLER;83577.0;38.48;23.36;4
712845;Hotel;März;19066.0;29.84;27.9;4
908324;Metallverarbeitung;Februar;70878.0;31.5;34.25;8
797222;Bäckerei;Januar_FEHLER;8959.0;30.91;27.65;5
180938;Supermarkt;Januar_FEHLER;68392.0;28.87;23.48;6
334697;Hotel;Februar;75391.0;30.68;32.23;2
185548;Bäckerei;März;55426.0;44.21;35.72;3
325648;Metallverarbeitung;Januar_FEHLER;81447.0;31.09;25.34;10
894363;Hotel;Januar_FEHLER;;44.68;33.94;4
761476;Metallverarbeitung;Februar;78733.0;39.43;36.76;10
102854;Hotel;März;14380.0;32.84;26.86;6
540724;Hotel;März;70008.0;27.24;34.76;9
810537;Bäckerei;Februar;26994.0;43.95;23.55;5
456904;Supermarkt;Februar;65709.0;42.58;22.83;1
325936;Bäckerei;Januar_FEHLER;78193.0;28.67;27.2;2
122859;Hotel;Januar_FEHLER;74108.0;31.36;31.03;8
349255;Hotel;Februar;25220.0;34.33;26.15;4
976858;Bäckerei;Januar_FEHLER;82428.0;35.33;33.11;6
161649;Logistik;Februar;78790.0;34.71;35.86;8
818375;Supermarkt;Februar;50666.0;34.41;23.16;4
364753;Hotel;März;81969.0;26.48;23.75;3
468609;Hotel;Februar;18544.0;29.37;31.0;3
748398;Logistik;Februar;84840.0;42.72;31.53;8
815114;Logistik;März;64792.0;30.65;33.13;5
659951;Metallverarbeitung;Januar_FEHLER;12809.0;39.03;36.38;2
545973;Hotel;Januar_FEHLER;28474.0;34.28;35.78;2
583781;Metallverarbeitung;März;77644.0;34.28;35.76;2
546896;Bäckerei;Februar;29498.0;30.45;35.02;4
643546;Logistik;Januar_FEHLER;65481.0;41.41;37.88;10
402477;Logistik;Januar_FEHLER;51555.0;41.1;31.38;9
850952;Supermarkt;Februar;24407.0;32.33;27.46;4
637091;Supermarkt;Januar_FEHLER;77332.0;28.37;31.14;5
584556;Bäckerei;März;32006.0;44.3;34.45;10
617591;Bäckerei;Februar;20468.0;41.88;32.45;10
682557;Metallverarbeitung;Februar;28013.0;33.6;23.22;7
247909;Bäckerei;Januar_FEHLER;4108.0;29.74;31.71;2
335186;Supermarkt;Januar_FEHLER;25300.0;29.46;23.45;4
396499;Bäckerei;Februar;34271.0;32.34;28.72;5
161076;Logistik;Februar;7889.0;28.82;29.53;3
822949;Logistik;Februar;78357.0;30.55;29.69;2
826263;Hotel;Februar;16783.0;30.17;26.68;10
825181;Supermarkt;März;8997.0;38.47;27.04;1
171912;Hotel;Februar;72361.0;28.82;23.45;6
177822;Hotel;März;37100.0;32.48;32.16;10
291178;Hotel;Januar_FEHLER;56019.0;41.93;34.98;4
887076;Logistik;Februar;59545.0;33.73;26.62;7
891446;Logistik;Januar_FEHLER;61281.0;31.64;32.17;9
676275;Logistik;März;18460.0;43.49;27.86;6
549109;Hotel;Februar;32601.0;37.24;33.88;8
733545;Hotel;Februar;10353.0;35.63;29.61;1
566211;Hotel;Januar_FEHLER;34332.0;34.92;29.44;6
139544;Logistik;März;81327.0;30.91;25.47;8
662443;Supermarkt;März;49758.0;29.88;28.38;5
663753;Metallverarbeitung;März;44132.0;29.62;31.48;10
600022;Logistik;März;53750.0;31.68;35.78;10
285363;Metallverarbeitung;Februar;49481.0;28.7;25.48;1
763849;Metallverarbeitung;Januar_FEHLER;20936.0;35.6;33.01;7
713329;Hotel;Januar_FEHLER;22724.0;42.77;35.54;4
745821;Hotel;März;13584.0;27.06;31.98;8
143402;Hotel;Januar_FEHLER;10887.0;32.98;32.52;4
230084;Bäckerei;März;16349.0;43.31;37.25;8
515232;Logistik;Februar;59334.0;40.24;29.82;3
340891;Logistik;Januar_FEHLER;39994.0;35.56;33.43;6
557886;Metallverarbeitung;Januar_FEHLER;77346.0;32.03;34.25;3
858590;Supermarkt;Februar;20566.0;30.47;32.82;8
145344;Logistik;Februar;57826.0;36.1;25.76;4
683146;Bäckerei;Februar;58654.0;31.19;25.51;10
877832;Supermarkt;März;81370.0;35.81;33.5;10
755313;Logistik;Januar_FEHLER;31313.0;26.94;36.62;8
700060;Metallverarbeitung;Januar_FEHLER;30993.0;39.92;27.15;9
182189;Metallverarbeitung;Januar_FEHLER;20605.0;43.67;27.58;2
296547;Bäckerei;März;64799.0;32.89;30.29;9
147350;Hotel;Februar;23073.0;26.28;31.25;10
659996;Bäckerei;Februar;10307.0;36.36;25.74;1
125503;Metallverarbeitung;Februar;56843.0;33.1;30.62;1
998336;Metallverarbeitung;Januar_FEHLER;67493.0;44.2;35.55;5
300416;Metallverarbeitung;Januar_FEHLER;16766.0;39.46;29.09;6
536134;Bäckerei;Februar;78699.0;36.49;25.15;8
319301;Hotel;Januar_FEHLER;7217.0;30.8;34.48;2
698223;Bäckerei;Januar_FEHLER;52050.0;33.35;33.94;1
358235;Metallverarbeitung;Februar;31749.0;33.0;37.25;2
867335;Logistik;März;60126.0;40.33;32.0;3
857268;Logistik;Januar_FEHLER;32063.0;36.82;36.07;9
459327;Metallverarbeitung;Januar_FEHLER;9498.0;34.16;34.58;10
774905;Logistik;März;80775.0;34.38;28.42;10
953628;Metallverarbeitung;März;;35.6;24.71;9
566272;Metallverarbeitung;Februar;65752.0;34.6;24.13;8
761785;Supermarkt;März;58240.0;26.37;25.09;3
975506;Metallverarbeitung;Februar;84653.0;39.32;36.04;8
622498;Hotel;März;;31.0;25.97;8
224945;Supermarkt;März;53076.0;35.24;31.38;3
341467;Bäckerei;Januar_FEHLER;32237.0;44.07;24.94;10
334431;Logistik;März;49619.0;29.02;37.94;10
955126;Metallverarbeitung;Februar;40219.0;37.07;28.78;4
239805;Supermarkt;Februar;39250.0;40.36;28.21;4
144138;Metallverarbeitung;Februar;41368.0;34.03;24.53;9
269671;Bäckerei;Januar_FEHLER;56641.0;42.16;33.0;4
932860;Bäckerei;Januar_FEHLER;28529.0;33.11;27.27;4
322483;Metallverarbeitung;März;26049.0;39.63;34.26;6
861337;Metallverarbeitung;März;;38.91;24.18;10
963872;Bäckerei;März;80439.0;29.37;22.6;7
403495;Bäckerei;März;6365.0;31.27;23.09;5
640923;Bäckerei;Januar_FEHLER;23126.0;37.79;37.76;3
877693;Bäckerei;Februar;12986.0;34.54;33.58;10
559690;Hotel;März;83324.0;32.4;29.32;5
295159;Supermarkt;März;57601.0;28.24;29.83;5
418265;Hotel;März;61205.0;35.96;22.29;1
550298;Hotel;Januar_FEHLER;55656.0;42.25;30.58;6
153250;Hotel;Februar;82380.0;35.76;25.62;5
604482;Bäckerei;Februar;20449.0;30.54;35.37;7
627820;Metallverarbeitung;März;80752.0;28.97;23.46;7
356650;Hotel;Februar;27592.0;38.69;29.09;3
342767;Logistik;Januar_FEHLER;37850.0;30.13;25.03;8
205376;Bäckerei;Februar;69777.0;38.89;33.44;4
897509;Bäckerei;März;52037.0;35.49;33.71;10
311704;Metallverarbeitung;Februar;24883.0;38.45;34.37;1
749435;Bäckerei;Februar;4540.0;28.1;32.73;8
132261;Bäckerei;März;57504.0;40.22;36.88;10
985625;Bäckerei;Februar;74288.0;37.59;24.49;8
468703;Supermarkt;Februar;11267.0;33.06;36.24;1
850419;Logistik;Februar;;36.89;36.18;3
464363;Hotel;März;47356.0;41.4;35.54;6
275786;Logistik;März;24069.0;26.64;31.41;10
431641;Metallverarbeitung;Januar_FEHLER;52836.0;36.89;24.46;8
291910;Logistik;Februar;49856.0;27.27;34.74;6
742233;Supermarkt;Januar_FEHLER;52712.0;35.32;32.75;5
844583;Hotel;Februar;82407.0;40.28;27.83;6
179832;Supermarkt;Februar;82310.0;28.09;33.82;4
263552;Hotel;März;44264.0;42.38;29.72;9
708105;Bäckerei;März;23218.0;43.06;27.02;6
439494;Bäckerei;Februar;54795.0;27.16;24.03;7
636430;Bäckerei;März;21760.0;35.56;33.41;10
174288;Metallverarbeitung;Januar_FEHLER;6965.0;32.14;36.96;8
622225;Bäckerei;Februar;69931.0;31.06;27.33;10
343355;Hotel;Januar_FEHLER;21991.0;39.17;29.27;4
355341;Metallverarbeitung;Januar_FEHLER;60527.0;42.64;33.09;6
613713;Metallverarbeitung;Januar_FEHLER;29984.0;31.54;35.2;7
162938;Supermarkt;Januar_FEHLER;82552.0;26.95;23.52;2
685993;Supermarkt;März;46994.0;28.02;37.82;8
407483;Supermarkt;März;4668.0;43.47;33.94;5
364500;Metallverarbeitung;Januar_FEHLER;57615.0;41.72;36.27;8
188410;Supermarkt;Februar;67234.0;39.45;23.66;8
119257;Bäckerei;Februar;47437.0;37.42;28.7;1
183888;Hotel;März;32825.0;31.71;33.17;3
939793;Metallverarbeitung;Februar;17852.0;28.42;25.71;1
658442;Hotel;Januar_FEHLER;73956.0;43.04;33.17;9
961207;Hotel;März;;30.16;27.57;10
256307;Bäckerei;März;56580.0;42.66;25.82;3
774352;Hotel;Februar;47852.0;30.71;34.42;4
360833;Supermarkt;März;84083.0;44.74;35.58;2
791532;Logistik;März;23820.0;42.94;32.59;4
993515;Bäckerei;Januar_FEHLER;32357.0;33.39;27.64;7
794877;Bäckerei;März;67359.0;30.95;32.37;9
814014;Metallverarbeitung;Februar;55971.0;28.01;27.27;8
966079;Logistik;Februar;19648.0;35.37;37.03;7
215868;Metallverarbeitung;Februar;24935.0;34.68;23.22;7
359173;Metallverarbeitung;März;21068.0;41.33;24.59;7
793199;Supermarkt;Februar;;40.59;22.55;6
815988;Supermarkt;Februar;54814.0;37.22;23.54;8
328052;Logistik;Februar;43016.0;38.53;33.4;4
870275;Hotel;Januar_FEHLER;13373.0;37.44;31.19;5
784718;Metallverarbeitung;März;59609.0;36.08;36.92;3
499278;Hotel;Februar;5426.0;36.02;30.3;9
871373;Metallverarbeitung;Januar_FEHLER;60232.0;33.3;23.58;4
868148;Logistik;März;41598.0;33.95;32.98;6
733265;Supermarkt;Februar;13854.0;44.35;31.12;8
196898;Supermarkt;Februar;69823.0;42.85;23.78;9
773249;Hotel;Februar;35746.0;29.14;22.42;1
957953;Metallverarbeitung;Februar;70981.0;41.13;31.83;7
897922;Metallverarbeitung;Januar_FEHLER;54438.0;30.75;36.92;7
558508;Logistik;Januar_FEHLER;37579.0;37.37;37.68;7
306828;Supermarkt;Februar;50139.0;28.6;25.67;4
278514;Logistik;Januar_FEHLER;65077.0;29.03;29.08;4
971918;Logistik;Februar;27229.0;43.15;34.32;5
617325;Hotel;Januar_FEHLER;81623.0;31.23;25.31;2
356066;Metallverarbeitung;Januar_FEHLER;21571.0;31.22;32.77;2
836805;Hotel;März;70480.0;30.95;32.04;6
739647;Supermarkt;Februar;72266.0;41.23;27.28;10
818136;Bäckerei;Februar;42490.0;41.73;32.32;5
609137;Supermarkt;Januar_FEHLER;55959.0;39.71;28.19;2
688119;Hotel;März;51503.0;35.35;23.05;5
354417;Hotel;Januar_FEHLER;55322.0;40.8;34.68;4
597719;Metallverarbeitung;Februar;;38.51;30.64;9
261633;Metallverarbeitung;Februar;62728.0;40.33;36.65;4
375018;Supermarkt;Januar_FEHLER;;30.99;26.94;5
189848;Metallverarbeitung;März;60477.0;34.39;36.3;5
600560;Metallverarbeitung;Februar;25919.0;27.11;25.35;6
192198;Metallverarbeitung;Januar_FEHLER;79837.0;30.79;27.58;6
433239;Logistik;Januar_FEHLER;40975.0;40.52;37.4;4
539345;Hotel;März;20319.0;42.53;22.25;4
972410;Bäckerei;März;;32.51;28.52;3
111906;Logistik;Februar;36309.0;28.45;29.7;6
763366;Metallverarbeitung;Februar;43711.0;29.63;24.7;1
123265;Metallverarbeitung;Januar_FEHLER;;35.69;33.21;2
694821;Bäckerei;Februar;83001.0;31.3;33.88;10
138856;Supermarkt;März;56912.0;31.11;23.5;7
565437;Supermarkt;Januar_FEHLER;33808.0;34.69;33.85;2
738448;Bäckerei;Februar;51400.0;28.25;26.33;3
130995;Hotel;Februar;30811.0;26.15;29.56;2
941753;Bäckerei;Januar_FEHLER;66347.0;43.49;25.88;2
127663;Supermarkt;Januar_FEHLER;66646.0;42.77;29.41;10
195843;Logistik;Januar_FEHLER;61624.0;40.81;36.53;1
221312;Supermarkt;Januar_FEHLER;68980.0;35.34;30.74;9
243186;Logistik;März;21854.0;42.82;35.16;5
130392;Metallverarbeitung;Januar_FEHLER;60809.0;37.7;22.64;8
355529;Supermarkt;Januar_FEHLER;13628.0;39.44;34.96;9
243706;Hotel;Februar;51264.0;33.99;31.44;10
132794;Bäckerei;Januar_FEHLER;74703.0;41.26;36.42;10
842858;Logistik;Januar_FEHLER;76977.0;44.21;27.06;8
273064;Logistik;Januar_FEHLER;83069.0;38.04;35.64;6
286844;Supermarkt;Januar_FEHLER;13639.0;39.69;29.12;10
919360;Hotel;Februar;5102.0;41.02;36.85;3
481255;Metallverarbeitung;Januar_FEHLER;53059.0;28.33;28.78;8
970743;Metallverarbeitung;Januar_FEHLER;59648.0;39.84;28.02;7
556644;Supermarkt;März;19757.0;29.58;24.82;5
970614;Bäckerei;März;23968.0;26.44;35.78;8
180910;Logistik;Januar_FEHLER;16795.0;43.93;26.74;1
517059;Logistik;März;20002.0;27.88;35.64;6
796788;Bäckerei;Februar;70918.0;32.16;24.49;4
510735;Metallverarbeitung;Januar_FEHLER;60801.0;36.99;22.63;2
846149;Bäckerei;Januar_FEHLER;46058.0;39.89;32.93;1
907023;Supermarkt;Februar;68358.0;43.45;35.56;5
591070;Supermarkt;März;6499.0;35.54;27.72;6
134371;Bäckerei;Januar_FEHLER;12264.0;30.73;27.87;2
572590;Bäckerei;Januar_FEHLER;80837.0;42.71;24.07;5
564549;Hotel;März;72372.0;37.06;35.77;9
957913;Metallverarbeitung;Februar;19901.0;26.75;30.37;3
422510;Bäckerei;Februar;71074.0;35.48;22.92;5
911628;Metallverarbeitung;Februar;12879.0;35.6;28.93;4
242626;Logistik;März;6711.0;33.59;24.82;2
639571;Supermarkt;Januar_FEHLER;18240.0;33.89;26.73;2
480722;Bäckerei;Februar;78054.0;26.1;33.47;10
712530;Metallverarbeitung;Februar;80334.0;30.67;36.29;1
622709;Bäckerei;Januar_FEHLER;75263.0;37.27;33.48;7
857774;Hotel;Februar;32590.0;40.43;30.1;3
371224;Metallverarbeitung;Januar_FEHLER;;41.86;37.32;8
666708;Metallverarbeitung;März;39253.0;41.78;36.1;1
782065;Hotel;Januar_FEHLER;46089.0;26.28;29.17;10
554630;Supermarkt;Februar;26026.0;38.73;35.3;8
308701;Bäckerei;Januar_FEHLER;40635.0;32.86;32.85;10
999351;Logistik;Januar_FEHLER;70553.0;26.07;28.35;4
337697;Metallverarbeitung;März;12902.0;28.58;34.89;6
846012;Hotel;März;28519.0;39.31;25.72;6
223450;Hotel;März;68366.0;42.34;31.56;5
376746;Hotel;Januar_FEHLER;16498.0;44.56;24.19;9
658327;Bäckerei;März;72235.0;32.85;33.63;7
288939;Logistik;Februar;6428.0;26.97;32.8;3
407073;Supermarkt;Januar_FEHLER;29098.0;41.93;28.22;4
821405;Metallverarbeitung;Februar;13765.0;41.87;32.19;3
307058;Supermarkt;März;31188.0;44.99;28.49;8
132761;Bäckerei;März;52535.0;26.38;29.08;10
859458;Supermarkt;Februar;58168.0;26.49;34.58;4
818967;Bäckerei;Januar_FEHLER;51232.0;42.3;28.56;4
633131;Bäckerei;Januar_FEHLER;6873.0;28.67;22.21;2
901838;Hotel;März;46205.0;38.68;27.03;10
994282;Supermarkt;Januar_FEHLER;65792.0;37.12;37.55;7
776516;Metallverarbeitung;Februar;51324.0;35.37;32.06;1
391391;Bäckerei;März;8809.0;28.18;37.12;6
618903;Metallverarbeitung;März;50545.0;33.03;31.55;1
870364;Metallverarbeitung;Januar_FEHLER;41533.0;30.18;25.98;2
633507;Logistik;März;14805.0;28.55;29.5;7
364498;Hotel;Februar;11610.0;35.81;29.59;10
377491;Bäckerei;Februar;71477.0;37.88;29.11;2
575195;Logistik;Januar_FEHLER;18778.0;32.17;37.21;9
224665;Supermarkt;Februar;80595.0;41.75;37.8;9
595253;Logistik;März;75606.0;33.01;27.56;8
641072;Hotel;März;44864.0;30.1;24.09;6
984583;Supermarkt;Februar;84089.0;44.09;23.17;2
867122;Hotel;März;7736.0;38.64;36.62;6
333533;Supermarkt;März;73374.0;39.1;32.91;10
227670;Hotel;Januar_FEHLER;44352.0;26.31;30.93;7
532762;Hotel;Februar;10549.0;35.87;32.0;4
957020;Hotel;Januar_FEHLER;6517.0;29.9;32.07;1
694325;Bäckerei;Januar_FEHLER;31123.0;41.08;34.84;7
709662;Metallverarbeitung;Februar;54690.0;34.85;37.02;8
294519;Metallverarbeitung;Januar_FEHLER;35330.0;30.99;27.86;9
678643;Supermarkt;Februar;45379.0;40.68;24.58;5
182503;Metallverarbeitung;Januar_FEHLER;74506.0;41.36;25.69;1
416560;Logistik;Februar;49927.0;44.82;36.28;3
837731;Logistik;Januar_FEHLER;20260.0;42.15;27.78;7
300358;Metallverarbeitung;Februar;59173.0;28.86;22.52;5
722048;Hotel;März;75701.0;40.89;35.87;9
342391;Metallverarbeitung;Januar_FEHLER;49931.0;36.25;32.97;2
321282;Hotel;März;68564.0;37.52;31.21;5
274837;Metallverarbeitung;Januar_FEHLER;21887.0;39.6;26.28;3
133424;Hotel;Februar;6704.0;33.35;31.39;8
318706;Bäckerei;März;62925.0;44.9;27.47;6
155955;Bäckerei;Februar;25151.0;37.53;36.41;8
631185;Supermarkt;Februar;53678.0;42.12;37.87;8
171668;Hotel;Februar;28554.0;44.99;33.68;4
194258;Logistik;Januar_FEHLER;55018.0;44.83;35.28;6
714360;Bäckerei;Februar;56179.0;42.41;22.14;5
814216;Metallverarbeitung;Januar_FEHLER;60600.0;37.78;26.56;7
802600;Hotel;März;12489.0;38.1;32.4;8
403062;Hotel;Februar;64965.0;41.6;34.32;7
382741;Supermarkt;März;65871.0;41.99;37.15;7
801899;Logistik;März;15643.0;33.19;28.16;2
111464;Hotel;Januar_FEHLER;25770.0;29.41;37.71;9
899320;Hotel;März;39007.0;35.21;26.28;9
286600;Metallverarbeitung;Februar;6682.0;32.58;28.8;8
902970;Hotel;März;44979.0;28.12;35.68;10
304112;Bäckerei;Februar;73751.0;29.39;34.81;7
480022;Supermarkt;Februar;60640.0;31.46;36.93;9
843836;Logistik;März;45215.0;31.87;37.77;3
167738;Logistik;Februar;5107.0;37.03;24.47;2
434465;Logistik;Februar;14983.0;42.19;27.37;5
693243;Metallverarbeitung;Januar_FEHLER;20361.0;27.06;25.24;7
708130;Supermarkt;Januar_FEHLER;47083.0;30.86;36.01;10
143736;Metallverarbeitung;Februar;72844.0;37.87;31.59;4
234460;Logistik;Januar_FEHLER;36926.0;30.9;25.93;4
269395;Metallverarbeitung;März;62570.0;44.84;33.61;9
322861;Logistik;Februar;43629.0;33.25;22.08;1
565229;Logistik;Februar;19429.0;31.09;34.09;4
624057;Logistik;Januar_FEHLER;68550.0;28.51;36.07;5
607069;Supermarkt;Februar;51056.0;43.63;27.28;4
548936;Logistik;Februar;31742.0;36.41;26.34;1
923686;Supermarkt;März;71506.0;31.22;36.7;3
790023;Metallverarbeitung;März;32973.0;42.42;23.98;9
318223;Logistik;Februar;33093.0;29.36;23.17;3
515653;Supermarkt;März;40735.0;43.3;29.41;8
621297;Logistik;Februar;70121.0;36.57;29.65;10
206566;Bäckerei;März;20093.0;39.0;31.84;5
391193;Logistik;Februar;33827.0;37.05;23.02;2
950854;Supermarkt;März;7995.0;42.67;32.42;6
854429;Logistik;Januar_FEHLER;54923.0;32.88;24.23;1
139019;Supermarkt;Februar;49919.0;33.18;25.47;4
100503;Logistik;März;57873.0;30.81;22.13;9
106137;Logistik;Januar_FEHLER;29987.0;37.89;31.21;4
673157;Metallverarbeitung;März;45818.0;33.74;29.35;2
201353;Hotel;Februar;4596.0;35.47;31.95;8
419966;Supermarkt;Februar;14037.0;34.64;23.86;8
271940;Supermarkt;Februar;11212.0;39.85;23.56;6
906218;Bäckerei;Februar;38239.0;29.52;34.34;7
906200;Hotel;Januar_FEHLER;19725.0;28.59;32.97;5
817721;Logistik;Januar_FEHLER;69494.0;40.15;22.53;2
535666;Supermarkt;Januar_FEHLER;83972.0;40.65;23.01;3
857216;Bäckerei;Januar_FEHLER;4002.0;43.71;36.42;8
946650;Hotel;Februar;7004.0;40.27;34.27;5
935030;Logistik;Januar_FEHLER;12623.0;34.91;36.85;8
729032;Metallverarbeitung;März;80093.0;39.89;27.59;1
393471;Hotel;Januar_FEHLER;28653.0;33.61;29.55;9
643982;Metallverarbeitung;Januar_FEHLER;71351.0;44.9;37.26;2
588870;Hotel;Februar;52661.0;32.95;28.06;1
996004;Supermarkt;März;9134.0;39.32;36.31;2
882743;Bäckerei;Februar;14915.0;36.31;29.32;10
495322;Metallverarbeitung;Februar;74558.0;28.58;27.42;10
698144;Bäckerei;März;54915.0;31.07;22.42;8
628806;Bäckerei;Februar;67524.0;41.76;26.37;6
839188;Hotel;März;45420.0;29.34;28.86;5
874606;Metallverarbeitung;Januar_FEHLER;7812.0;28.21;25.94;2
451853;Bäckerei;Februar;60928.0;39.0;25.97;7
998505;Supermarkt;März;74870.0;30.82;31.96;6
893836;Bäckerei;Februar;45461.0;27.66;30.67;9
679815;Metallverarbeitung;Januar_FEHLER;6527.0;30.71;22.73;1
891834;Supermarkt;Januar_FEHLER;43227.0;33.56;37.22;1
510449;Bäckerei;Februar;74258.0;44.07;23.7;7
118689;Bäckerei;Januar_FEHLER;63922.0;36.77;37.62;3
204844;Hotel;Januar_FEHLER;24141.0;28.95;32.05;6
231158;Hotel;März;38135.0;36.43;35.64;3
618641;Metallverarbeitung;März;21033.0;36.76;24.26;1
410272;Bäckerei;Februar;24931.0;37.7;34.81;9
357223;Metallverarbeitung;Januar_FEHLER;63199.0;41.91;37.28;3
419488;Logistik;Januar_FEHLER;36801.0;29.16;30.58;6
813530;Supermarkt;März;11371.0;27.53;26.22;9
113850;Supermarkt;Februar;74151.0;32.01;23.89;3
107955;Metallverarbeitung;Februar;56675.0;28.32;33.02;6
489586;Logistik;Januar_FEHLER;56957.0;44.02;33.46;1
965223;Metallverarbeitung;März;38052.0;44.43;32.74;2
874021;Logistik;März;75616.0;43.68;35.82;3
422817;Supermarkt;Februar;63337.0;39.86;37.27;8
531421;Bäckerei;Februar;20009.0;43.68;31.28;9
655164;Bäckerei;Februar;84016.0;40.9;34.63;9
632358;Logistik;Januar_FEHLER;30393.0;26.86;23.37;2
265107;Logistik;März;33098.0;32.98;37.13;4
277495;Logistik;Februar;55036.0;35.73;24.79;7
524283;Metallverarbeitung;Januar_FEHLER;27798.0;31.27;27.57;7
178450;Hotel;Januar_FEHLER;84542.0;34.95;30.96;5
178595;Bäckerei;März;26434.0;32.43;26.1;2
632324;Metallverarbeitung;Januar_FEHLER;53621.0;37.37;24.14;2
341030;Logistik;Januar_FEHLER;32086.0;29.5;37.02;10
892162;Supermarkt;Januar_FEHLER;74890.0;31.58;37.07;4
464635;Bäckerei;Februar;31222.0;30.21;35.52;6
677078;Supermarkt;Februar;66075.0;27.42;36.52;9
380200;Bäckerei;Januar_FEHLER;39094.0;43.35;22.73;1
929256;Metallverarbeitung;März;15009.0;30.07;24.51;7
575658;Supermarkt;März;26442.0;40.23;24.91;7
538377;Bäckerei;März;6676.0;41.35;34.26;3
626009;Logistik;Januar_FEHLER;21640.0;43.41;25.21;4
641012;Metallverarbeitung;Januar_FEHLER;34625.0;38.17;23.5;9
352908;Logistik;Februar;42773.0;36.88;29.23;6
371575;Logistik;Februar;60017.0;35.29;29.3;10
232545;Logistik;März;;41.55;32.99;1
674855;Supermarkt;Januar_FEHLER;41607.0;39.87;23.1;8
438941;Supermarkt;Februar;61739.0;27.41;25.87;4
362059;Bäckerei;Januar_FEHLER;19485.0;37.39;34.68;3
249040;Hotel;Februar;77674.0;38.55;36.61;2
539640;Supermarkt;März;16130.0;29.95;25.64;2
634549;Supermarkt;März;21978.0;36.55;23.25;9
830222;Logistik;Februar;17069.0;27.86;24.47;3
545330;Supermarkt;März;62340.0;28.09;26.1;1
416691;Bäckerei;Januar_FEHLER;;33.74;24.04;10
439406;Supermarkt;Februar;10923.0;28.48;34.3;7
884101;Bäckerei;März;51277.0;33.25;22.33;3
900995;Hotel;Januar_FEHLER;82286.0;36.24;30.66;10
202560;Logistik;Januar_FEHLER;44932.0;40.87;28.14;5
388407;Hotel;Januar_FEHLER;20242.0;29.43;23.14;10
131447;Hotel;Februar;60615.0;32.72;23.92;6
815695;Hotel;Januar_FEHLER;76920.0;39.61;37.91;3
239064;Hotel;März;29538.0;42.94;29.07;2
261071;Bäckerei;Januar_FEHLER;18361.0;27.78;22.49;8
312192;Hotel;Januar_FEHLER;10332.0;27.25;22.18;6
285833;Hotel;März;23372.0;35.37;33.71;2
278528;Hotel;Februar;;39.82;29.06;4
994048;Logistik;Februar;7197.0;31.96;25.94;9
584719;Bäckerei;Februar;36786.0;43.59;34.02;2
383133;Bäckerei;März;19001.0;39.44;32.06;9
763954;Logistik;März;31869.0;34.55;27.3;1
599325;Bäckerei;Januar_FEHLER;28142.0;32.61;30.62;4
733668;Supermarkt;März;22458.0;27.16;28.57;9
359202;Logistik;März;22999.0;32.14;31.61;2
493743;Bäckerei;März;68580.0;44.71;23.61;8
422553;Hotel;Februar;48071.0;34.53;34.24;7
123465;Hotel;Januar_FEHLER;59548.0;42.44;26.56;4
142081;Metallverarbeitung;März;31658.0;34.53;27.18;8
724490;Metallverarbeitung;Februar;49277.0;44.18;36.3;6
845011;Metallverarbeitung;Januar_FEHLER;8853.0;31.79;29.1;7
674463;Hotel;März;42513.0;40.33;22.73;6
532709;Bäckerei;Januar_FEHLER;37073.0;34.16;34.11;4
207684;Hotel;März;21389.0;35.58;25.83;5
399722;Logistik;Januar_FEHLER;36544.0;32.75;37.23;1
649916;Logistik;März;5262.0;30.68;26.32;2
722417;Logistik;Februar;31104.0;36.46;32.47;7
122839;Metallverarbeitung;Januar_FEHLER;71270.0;32.47;22.76;3
194408;Bäckerei;Februar;40113.0;43.06;31.5;4
695334;Logistik;Februar;37784.0;38.24;26.95;1
616368;Hotel;März;47650.0;31.07;32.46;9
814623;Logistik;Februar;39031.0;35.78;25.14;4
591011;Hotel;März;20365.0;33.73;28.18;9
395344;Supermarkt;Januar_FEHLER;17236.0;39.06;25.66;7
237676;Hotel;März;15799.0;44.17;34.97;8
859372;Bäckerei;Februar;26708.0;35.83;35.42;6
650074;Hotel;März;43714.0;31.69;35.87;9
563937;Metallverarbeitung;März;;44.66;24.02;4
430322;Bäckerei;Februar;45532.0;29.72;30.97;4
946615;Hotel;Februar;44538.0;26.94;23.41;8
712888;Metallverarbeitung;Februar;67833.0;38.19;27.7;5
773224;Bäckerei;Januar_FEHLER;11812.0;32.46;29.61;10
261078;Metallverarbeitung;März;;44.91;27.87;4
761456;Supermarkt;März;68807.0;35.06;25.19;6
698643;Hotel;Januar_FEHLER;15089.0;34.8;35.79;9
398005;Supermarkt;Januar_FEHLER;40694.0;42.65;23.55;10
804147;Metallverarbeitung;Februar;;30.99;24.1;9
871423;Bäckerei;Januar_FEHLER;13392.0;28.58;36.37;7
847830;Supermarkt;März;6509.0;28.27;31.36;9
199331;Logistik;Januar_FEHLER;58052.0;34.05;32.71;5
710927;Logistik;Februar;59897.0;42.76;25.48;3
579842;Hotel;Februar;81036.0;33.87;36.42;1
990265;Supermarkt;Januar_FEHLER;32017.0;30.0;35.14;1
934217;Hotel;Januar_FEHLER;75077.0;32.32;29.55;6
930478;Logistik;Februar;59408.0;26.9;27.28;10
469223;Bäckerei;Februar;;29.19;24.09;9
403270;Bäckerei;Februar;20528.0;26.75;34.98;5
402513;Bäckerei;März;48698.0;39.12;35.1;3
740624;Logistik;März;;31.62;32.78;5
776911;Supermarkt;Januar_FEHLER;21459.0;32.66;25.93;7
102207;Metallverarbeitung;Februar;79464.0;35.01;32.1;3
897486;Metallverarbeitung;Januar_FEHLER;80839.0;31.21;22.05;5
872194;Supermarkt;Januar_FEHLER;82324.0;37.11;31.85;4
108581;Supermarkt;Februar;73031.0;44.73;22.06;4
341038;Bäckerei;März;39037.0;43.77;23.81;5
888300;Metallverarbeitung;Januar_FEHLER;42611.0;26.37;31.54;7
754608;Supermarkt;März;21634.0;35.96;36.34;8
963452;Hotel;Februar;23653.0;29.61;30.82;5
648372;Logistik;Januar_FEHLER;47159.0;40.67;35.51;3
294825;Supermarkt;Januar_FEHLER;17948.0;28.35;31.37;9
715077;Supermarkt;März;44121.0;32.7;33.85;10
938242;Bäckerei;Januar_FEHLER;35850.0;39.12;27.5;7
107430;Logistik;Januar_FEHLER;30710.0;40.18;34.37;5
691518;Supermarkt;Februar;31199.0;32.97;37.11;2
799971;Bäckerei;Februar;73786.0;41.96;29.73;7
590439;Hotel;März;5851.0;39.38;33.68;10
696166;Logistik;Februar;31283.0;32.94;33.94;7
851800;Supermarkt;März;25014.0;43.26;31.61;5
822189;Metallverarbeitung;Februar;26519.0;32.37;26.47;1
773340;Logistik;März;47194.0;42.91;37.74;2
874783;Supermarkt;Februar;19569.0;42.52;22.74;8
550081;Metallverarbeitung;Februar;61587.0;37.84;24.62;4
317002;Supermarkt;März;46304.0;27.49;24.66;8
479008;Supermarkt;Januar_FEHLER;53656.0;42.55;32.93;2
325752;Bäckerei;Februar;26723.0;33.14;37.47;3
553558;Bäckerei;März;7225.0;39.23;22.12;10
811224;Logistik;Februar;58663.0;30.13;27.67;2
981316;Supermarkt;März;51163.0;40.5;28.18;5
402039;Hotel;Januar_FEHLER;79135.0;40.74;32.33;9
524814;Hotel;Januar_FEHLER;34173.0;43.63;27.64;3
719330;Hotel;März;66003.0;35.74;27.62;7
591110;Metallverarbeitung;Februar;14857.0;40.2;28.92;8
823461;Supermarkt;März;74384.0;35.32;34.19;8
356183;Metallverarbeitung;März;28000.0;39.69;31.04;9
606769;Hotel;März;7847.0;37.07;27.97;4
486817;Hotel;März;17351.0;27.28;26.25;5
293225;Bäckerei;Januar_FEHLER;53315.0;29.95;34.5;9
365651;Metallverarbeitung;Februar;60954.0;28.83;29.47;1
343661;Metallverarbeitung;März;7527.0;30.83;24.22;2
951085;Supermarkt;Januar_FEHLER;62809.0;31.66;33.27;3
208039;Supermarkt;Februar;82121.0;44.1;29.81;4
301213;Supermarkt;Januar_FEHLER;44075.0;44.41;31.76;2
224698;Logistik;März;30603.0;29.47;31.61;3
198826;Hotel;Januar_FEHLER;27231.0;42.16;27.34;1
204174;Supermarkt;März;76495.0;34.51;25.15;9
258974;Supermarkt;Januar_FEHLER;56191.0;40.13;29.33;6
465734;Supermarkt;März;21197.0;36.2;27.87;4
951209;Hotel;Januar_FEHLER;38929.0;33.71;25.62;5
184902;Hotel;Januar_FEHLER;41843.0;29.94;24.59;2
863830;Metallverarbeitung;Februar;35745.0;28.48;34.29;9
690614;Supermarkt;Januar_FEHLER;;32.9;28.82;3
546298;Bäckerei;März;11313.0;39.16;24.83;7
594920;Supermarkt;Januar_FEHLER;15271.0;37.87;30.21;6
287830;Hotel;März;69183.0;34.52;36.18;6
486627;Hotel;Januar_FEHLER;13441.0;40.15;29.78;4
688542;Supermarkt;Januar_FEHLER;70621.0;36.81;28.42;2
672380;Hotel;März;23359.0;38.51;35.2;10
522831;Supermarkt;März;14750.0;32.32;30.21;7
520583;Logistik;Januar_FEHLER;71680.0;41.2;24.89;10
848652;Bäckerei;März;30892.0;26.75;35.34;3
317623;Bäckerei;März;23507.0;42.17;25.9;8
650125;Supermarkt;Januar_FEHLER;11685.0;41.51;35.39;2
120349;Supermarkt;Februar;77893.0;39.73;29.77;8
122337;Logistik;Januar_FEHLER;51440.0;27.6;23.78;10
129240;Bäckerei;März;20493.0;31.38;35.65;10
709060;Logistik;März;65108.0;30.26;30.37;4
978167;Supermarkt;Januar_FEHLER;73080.0;39.48;26.91;1
258340;Logistik;Januar_FEHLER;62837.0;32.28;36.34;6
748782;Bäckerei;März;5761.0;30.96;35.95;8
418563;Logistik;Januar_FEHLER;;32.95;25.12;8
783323;Supermarkt;März;27960.0;37.5;35.44;3
581566;Logistik;März;25415.0;41.45;33.78;3
843340;Supermarkt;Februar;51584.0;41.24;26.48;7
105735;Supermarkt;Januar_FEHLER;56388.0;43.65;28.75;6
669092;Supermarkt;März;61224.0;35.74;35.71;6
820599;Metallverarbeitung;Februar;35503.0;35.6;37.69;5
305678;Bäckerei;Februar;65338.0;36.69;35.54;7
456095;Supermarkt;März;24204.0;41.86;24.72;8
664034;Bäckerei;März;12877.0;36.53;37.95;9
206043;Hotel;März;80113.0;26.77;23.94;8
130705;Supermarkt;März;24572.0;43.8;25.52;1
465122;Metallverarbeitung;Januar_FEHLER;44414.0;42.13;25.16;1
552281;Hotel;Januar_FEHLER;46635.0;42.5;36.8;8
335188;Hotel;Februar;54537.0;28.49;36.42;1
946983;Metallverarbeitung;Februar;81015.0;27.15;28.81;8
803610;Supermarkt;März;33192.0;44.23;23.84;4
767293;Bäckerei;März;34427.0;39.93;24.3;10
899786;Hotel;März;74830.0;40.78;28.16;6
827496;Supermarkt;Januar_FEHLER;71834.0;41.56;31.69;8
642416;Hotel;März;38824.0;31.42;35.84;6
193938;Logistik;Februar;9367.0;35.48;26.86;6
282791;Bäckerei;Januar_FEHLER;6622.0;37.71;24.22;5
326464;Metallverarbeitung;Januar_FEHLER;35016.0;42.49;35.25;1
253684;Hotel;März;68957.0;34.3;26.15;3
570987;Hotel;Januar_FEHLER;33713.0;32.32;25.17;7
603052;Supermarkt;Januar_FEHLER;54533.0;43.12;29.15;5
127381;Metallverarbeitung;Januar_FEHLER;31989.0;39.73;35.6;4
607494;Metallverarbeitung;Februar;;31.37;28.4;4
206491;Hotel;März;5228.0;43.75;25.28;2
235268;Metallverarbeitung;Februar;18747.0;34.0;27.57;1
208512;Metallverarbeitung;März;27079.0;41.68;37.06;2
561769;Hotel;Januar_FEHLER;63540.0;33.58;26.36;5
958661;Metallverarbeitung;Januar_FEHLER;82954.0;38.19;36.75;1
710888;Supermarkt;Januar_FEHLER;34466.0;41.83;35.82;4
465991;Hotel;März;12678.0;27.16;29.12;8
193726;Logistik;März;61095.0;27.31;26.57;1
954311;Logistik;Februar;50278.0;26.32;22.11;9
115941;Hotel;März;81238.0;33.83;37.35;9
812871;Logistik;März;56093.0;44.65;23.07;5
541952;Logistik;Januar_FEHLER;39055.0;43.59;26.84;6
472921;Supermarkt;März;83212.0;44.8;29.26;10
460418;Bäckerei;März;70178.0;30.17;29.94;3
832952;Supermarkt;Februar;14752.0;36.26;37.86;6
303015;Supermarkt;März;66560.0;41.29;28.92;2
556531;Logistik;März;72889.0;42.9;32.49;9
888965;Hotel;März;69004.0;43.93;29.07;9
618441;Logistik;Januar_FEHLER;50250.0;26.63;23.88;1
761523;Supermarkt;Januar_FEHLER;81044.0;31.25;30.89;10
122501;Hotel;Januar_FEHLER;70991.0;41.84;37.96;1
964160;Hotel;Januar_FEHLER;24632.0;44.81;28.6;10
177839;Hotel;März;60042.0;27.99;28.35;5
775030;Hotel;Januar_FEHLER;49935.0;30.52;30.06;5
414484;Hotel;März;70264.0;36.67;28.6;2
991041;Supermarkt;Februar;79149.0;38.5;27.76;8
862110;Bäckerei;März;79018.0;38.26;37.75;10
468997;Supermarkt;Januar_FEHLER;82334.0;29.51;30.83;8
515810;Bäckerei;März;32272.0;36.95;35.0;9
329833;Metallverarbeitung;Januar_FEHLER;51465.0;42.52;32.12;8
406574;Supermarkt;Januar_FEHLER;8781.0;29.03;22.38;2
232389;Bäckerei;Januar_FEHLER;52707.0;32.6;35.1;1
932152;Bäckerei;März;73578.0;44.51;29.52;10
349337;Logistik;März;46755.0;39.79;22.06;7
958195;Logistik;März;44757.0;33.54;27.86;9
342707;Supermarkt;März;71951.0;27.76;25.06;4
191199;Hotel;Februar;29144.0;26.66;23.85;8
589295;Hotel;Januar_FEHLER;80432.0;31.23;25.35;7
158275;Supermarkt;Januar_FEHLER;15320.0;42.99;28.98;10
950629;Bäckerei;Januar_FEHLER;83696.0;33.81;31.35;7
839679;Metallverarbeitung;Januar_FEHLER;40164.0;38.85;37.09;7
344341;Logistik;Januar_FEHLER;72870.0;30.38;37.69;3
901241;Supermarkt;März;36470.0;35.32;24.52;4
751899;Hotel;März;;26.7;32.17;10
804313;Supermarkt;Februar;77805.0;27.25;29.08;6
224451;Hotel;Januar_FEHLER;58035.0;36.2;29.42;2
967422;Supermarkt;März;15432.0;41.79;22.68;3
864771;Logistik;Januar_FEHLER;38286.0;35.6;25.06;2
302486;Hotel;Februar;73806.0;41.25;32.45;3
204770;Hotel;Februar;22082.0;39.22;33.98;6
899995;Bäckerei;Februar;77033.0;33.14;37.59;2
896932;Supermarkt;März;44379.0;30.38;33.28;3
236831;Supermarkt;Februar;66468.0;34.89;37.37;2
809579;Supermarkt;Februar;70771.0;37.51;31.64;4
647296;Hotel;März;69020.0;36.05;35.48;8
536031;Bäckerei;Januar_FEHLER;7171.0;42.76;28.22;1
276780;Metallverarbeitung;Februar;21661.0;32.08;29.86;7
538874;Supermarkt;Januar_FEHLER;4490.0;30.3;27.63;8
773850;Metallverarbeitung;Januar_FEHLER;34933.0;40.84;37.36;5
396394;Metallverarbeitung;Februar;24414.0;29.6;22.22;10
375343;Metallverarbeitung;Februar;15917.0;40.07;31.17;1
387422;Hotel;Januar_FEHLER;6791.0;27.68;31.41;3
819018;Bäckerei;Februar;84293.0;29.93;24.98;6
306886;Supermarkt;März;24757.0;35.22;24.81;6
442546;Bäckerei;März;60384.0;38.84;32.47;6
209351;Metallverarbeitung;März;64136.0;39.65;33.13;6
669603;Supermarkt;Februar;9219.0;36.98;29.67;9
217281;Supermarkt;März;72169.0;33.39;34.04;6
453591;Logistik;Januar_FEHLER;20761.0;39.16;35.08;10
534606;Hotel;März;49461.0;42.35;24.43;2
369200;Logistik;Januar_FEHLER;23954.0;28.86;37.16;1
646288;Supermarkt;März;73498.0;27.5;24.17;5
983236;Metallverarbeitung;Januar_FEHLER;67263.0;27.26;35.55;6
913344;Metallverarbeitung;März;82007.0;41.67;34.11;4
645961;Supermarkt;Januar_FEHLER;27538.0;28.45;29.49;5
616215;Hotel;Februar;34317.0;27.08;31.37;3
864163;Bäckerei;März;19032.0;44.97;29.78;6
852871;Logistik;Februar;32290.0;40.4;31.03;3
262828;Hotel;Januar_FEHLER;33906.0;33.09;33.19;2
540160;Logistik;Februar;40466.0;37.15;36.77;9
248078;Metallverarbeitung;Januar_FEHLER;27331.0;33.75;33.96;9
378577;Hotel;März;14207.0;26.95;33.81;8
478077;Hotel;März;;39.11;22.22;10
430227;Hotel;Januar_FEHLER;38005.0;30.16;23.02;2
862425;Supermarkt;Januar_FEHLER;51846.0;27.34;29.89;5
908496;Hotel;März;32420.0;26.26;35.29;1
624775;Hotel;Januar_FEHLER;32134.0;26.27;26.98;7
798844;Metallverarbeitung;Februar;30215.0;37.55;30.1;2
226246;Metallverarbeitung;März;52525.0;34.79;37.39;8
179554;Metallverarbeitung;Februar;62661.0;37.51;37.65;1
446087;Bäckerei;März;48215.0;30.22;37.15;3
365213;Metallverarbeitung;Januar_FEHLER;22807.0;29.01;33.32;1
464988;Hotel;Januar_FEHLER;74833.0;41.65;29.75;3
555286;Logistik;Januar_FEHLER;63620.0;30.2;36.9;4
986076;Logistik;Februar;27099.0;33.0;36.76;9
456544;Bäckerei;Januar_FEHLER;67791.0;32.82;34.69;3
682500;Logistik;März;51994.0;31.06;31.18;3
569733;Supermarkt;Februar;23059.0;27.15;31.67;3
728802;Logistik;März;79160.0;42.82;25.92;9
848530;Hotel;Februar;64020.0;41.35;32.22;3
503464;Metallverarbeitung;Februar;;29.28;31.84;3
923155;Supermarkt;Februar;23518.0;29.51;37.8;10
525037;Hotel;Januar_FEHLER;;34.4;31.91;2
806230;Metallverarbeitung;März;74448.0;33.32;25.18;6
499207;Metallverarbeitung;Januar_FEHLER;38945.0;33.11;28.58;10
367285;Metallverarbeitung;März;57361.0;42.47;34.73;6
499041;Supermarkt;Februar;47196.0;30.88;37.16;8
926836;Hotel;März;25025.0;44.0;36.2;7
396248;Supermarkt;März;83759.0;40.52;24.79;9
574352;Bäckerei;Februar;28950.0;44.93;30.01;8
949695;Supermarkt;Februar;26736.0;38.24;35.44;2
282314;Metallverarbeitung;Januar_FEHLER;46708.0;27.43;26.1;3
143636;Logistik;Februar;24421.0;34.66;25.78;6
873153;Logistik;März;29133.0;28.04;28.73;3
832408;Supermarkt;Januar_FEHLER;67384.0;32.2;24.69;2
667310;Hotel;Februar;48435.0;30.3;23.54;6
418699;Hotel;Februar;24455.0;41.74;36.45;4
674540;Bäckerei;Januar_FEHLER;23215.0;43.44;24.87;8
981048;Logistik;Februar;82336.0;34.47;25.04;7
799861;Supermarkt;März;40143.0;40.33;32.72;3
783345;Supermarkt;Januar_FEHLER;39702.0;39.89;36.29;2
906320;Supermarkt;März;54604.0;32.4;30.31;3
802473;Bäckerei;Januar_FEHLER;17785.0;36.43;22.39;1
410428;Supermarkt;Januar_FEHLER;47887.0;42.94;36.34;1
414748;Hotel;Januar_FEHLER;77374.0;39.67;25.47;2
611522;Logistik;Januar_FEHLER;5897.0;32.0;33.67;9
235884;Metallverarbeitung;März;69235.0;37.48;25.15;8
846185;Bäckerei;Februar;67535.0;35.24;31.94;7
307523;Metallverarbeitung;Januar_FEHLER;42785.0;31.32;25.54;9
162037;Bäckerei;März;42522.0;41.72;27.15;9
823081;Logistik;Januar_FEHLER;48123.0;28.0;33.31;1
766397;Bäckerei;Januar_FEHLER;61406.0;40.7;31.91;6
183980;Supermarkt;Januar_FEHLER;30511.0;30.99;37.35;5
852645;Supermarkt;Februar;43759.0;38.1;34.0;5
484871;Supermarkt;Februar;65307.0;31.77;25.12;8
324952;Logistik;Januar_FEHLER;51609.0;40.27;33.52;4
345618;Hotel;Januar_FEHLER;75401.0;39.67;28.3;8
287685;Bäckerei;Februar;73419.0;42.03;27.42;8
933833;Supermarkt;Februar;83945.0;43.95;36.79;4
419734;Metallverarbeitung;Februar;57479.0;41.66;31.45;9
640964;Metallverarbeitung;März;47553.0;26.81;27.65;3
245670;Metallverarbeitung;März;41740.0;26.69;26.88;6
443317;Supermarkt;Februar;16619.0;38.87;25.24;3
223782;Supermarkt;Februar;40313.0;28.58;37.22;8
623579;Bäckerei;März;49810.0;33.13;22.44;6
415778;Bäckerei;Februar;23218.0;44.01;32.69;6
736333;Logistik;Januar_FEHLER;82284.0;41.48;30.95;3
175361;Hotel;Januar_FEHLER;45312.0;37.25;26.47;4
764690;Supermarkt;März;38508.0;32.64;33.25;2
148304;Bäckerei;Januar_FEHLER;29831.0;31.63;25.42;7
494542;Logistik;Februar;46833.0;35.63;36.34;3
938872;Metallverarbeitung;März;73239.0;43.98;28.81;3
256626;Bäckerei;März;83533.0;29.6;37.92;5
865732;Bäckerei;März;38180.0;42.64;29.89;9
687394;Hotel;Januar_FEHLER;37568.0;42.21;33.42;9
303209;Metallverarbeitung;Januar_FEHLER;73866.0;40.81;23.99;1
998047;Logistik;März;63591.0;36.83;28.53;4
871432;Supermarkt;März;17897.0;32.64;29.27;3
901233;Hotel;Januar_FEHLER;58423.0;28.69;23.28;8
775108;Supermarkt;Januar_FEHLER;54959.0;44.22;29.93;9
403260;Bäckerei;Januar_FEHLER;48098.0;33.46;34.98;8
489807;Logistik;März;22505.0;37.49;28.27;4
171187;Supermarkt;Januar_FEHLER;23362.0;35.8;34.42;4
129954;Hotel;Januar_FEHLER;39802.0;40.67;27.5;9
586003;Supermarkt;Februar;39256.0;37.99;35.5;5
718463;Bäckerei;März;21252.0;37.88;25.44;7
509027;Bäckerei;Februar;80497.0;31.61;28.06;8
399765;Logistik;Februar;67201.0;29.06;26.04;2
181059;Supermarkt;Februar;50619.0;37.69;30.69;5
735189;Hotel;Februar;82473.0;38.66;27.91;9
231207;Supermarkt;Januar_FEHLER;30716.0;38.0;28.52;9
520665;Bäckerei;Februar;72925.0;31.73;26.95;7
691964;Metallverarbeitung;März;24220.0;31.27;34.01;1
578782;Metallverarbeitung;Februar;;44.17;23.96;4
846405;Hotel;Januar_FEHLER;43651.0;28.88;33.29;8
381787;Logistik;März;68387.0;32.98;29.05;7
349849;Hotel;März;27323.0;32.73;27.7;7
168396;Metallverarbeitung;Januar_FEHLER;55884.0;41.19;30.22;3
332471;Logistik;März;49966.0;39.17;29.54;2
241958;Bäckerei;Januar_FEHLER;17877.0;41.86;35.74;9
562986;Metallverarbeitung;Januar_FEHLER;4466.0;26.53;25.3;6
176789;Metallverarbeitung;März;70944.0;26.14;30.75;8
707092;Supermarkt;Januar_FEHLER;67004.0;42.07;35.62;2
703333;Metallverarbeitung;März;57842.0;39.68;31.42;8
260149;Supermarkt;März;30983.0;26.93;34.2;6
892861;Logistik;März;9730.0;32.98;30.17;1
786137;Supermarkt;März;37791.0;32.17;26.04;1
599344;Logistik;Januar_FEHLER;36350.0;28.15;35.21;2
168492;Hotel;März;15396.0;31.03;29.07;10
576634;Logistik;März;21650.0;41.03;27.77;10
797582;Supermarkt;März;18832.0;35.12;32.92;6
659734;Supermarkt;März;69887.0;42.66;27.9;8
279431;Bäckerei;März;66893.0;27.44;37.13;5
464336;Logistik;Februar;17000.0;43.32;36.66;5
156339;Supermarkt;März;35649.0;28.6;34.13;5
111844;Logistik;Januar_FEHLER;;32.39;34.65;10
666263;Bäckerei;Februar;42771.0;41.93;32.01;1
738820;Supermarkt;Januar_FEHLER;60219.0;44.57;29.6;6
569897;Metallverarbeitung;Januar_FEHLER;20925.0;43.81;26.09;10
694428;Bäckerei;Februar;68551.0;40.38;27.28;4
259663;Metallverarbeitung;Januar_FEHLER;11339.0;27.15;36.27;3
513837;Hotel;Februar;8455.0;39.35;33.84;5
331573;Logistik;Februar;31339.0;39.17;27.21;1
962891;Bäckerei;März;;35.17;35.16;1
234128;Logistik;Januar_FEHLER;32377.0;33.01;22.52;4
838129;Bäckerei;Januar_FEHLER;18921.0;27.55;27.77;4
103550;Logistik;Januar_FEHLER;11145.0;43.16;27.22;9
360969;Metallverarbeitung;Februar;58773.0;44.39;27.8;9
271203;Bäckerei;Februar;16159.0;27.92;25.73;1
874091;Hotel;März;84134.0;44.01;26.78;9
165322;Supermarkt;Januar_FEHLER;73643.0;44.45;37.33;3
926584;Bäckerei;Februar;53164.0;27.36;25.65;4
624251;Supermarkt;Februar;76595.0;42.76;23.82;6
526666;Logistik;Januar_FEHLER;43992.0;43.13;27.23;1
335332;Hotel;Februar;42288.0;37.3;28.66;4
217093;Supermarkt;Januar_FEHLER;48080.0;42.5;34.23;5
222233;Bäckerei;Februar;8315.0;37.02;34.14;9
220964;Hotel;Februar;71324.0;39.87;26.01;10
103414;Logistik;Januar_FEHLER;26841.0;38.89;25.67;3
661054;Hotel;Januar_FEHLER;39596.0;28.74;24.1;10
931541;Hotel;Januar_FEHLER;57088.0;40.58;28.59;3
420927;Logistik;Februar;43579.0;44.07;34.42;10
583534;Bäckerei;Februar;8079.0;44.03;23.19;1
566247;Logistik;Februar;5385.0;28.82;32.76;7
328737;Hotel;Januar_FEHLER;6521.0;40.25;27.11;5
611213;Hotel;März;51340.0;33.13;31.71;1
719022;Logistik;März;58940.0;39.91;24.83;9
990567;Bäckerei;Februar;41088.0;34.28;28.23;9
444507;Logistik;Februar;71031.0;36.31;22.41;8
418846;Metallverarbeitung;Februar;35600.0;42.08;34.61;7
350290;Hotel;Februar;62321.0;27.76;29.78;3
749332;Metallverarbeitung;Januar_FEHLER;56462.0;40.74;29.4;2
806870;Logistik;März;67801.0;27.79;25.21;6
342168;Metallverarbeitung;Februar;48675.0;39.59;28.86;8
370629;Logistik;März;83303.0;41.92;29.61;2
983203;Supermarkt;Januar_FEHLER;51214.0;44.56;23.33;7
327521;Bäckerei;März;35560.0;31.39;28.24;2
578484;Supermarkt;März;26002.0;31.0;29.03;6
580266;Bäckerei;März;18969.0;31.06;32.69;7
690910;Bäckerei;März;56463.0;42.69;28.01;10
419075;Hotel;März;12211.0;40.68;29.02;1
436950;Hotel;März;32417.0;37.17;34.57;1
335283;Metallverarbeitung;Januar_FEHLER;23288.0;30.23;32.55;7
216098;Supermarkt;März;24573.0;33.41;33.64;7
743731;Hotel;Februar;33498.0;36.29;36.7;5
867429;Metallverarbeitung;Februar;13929.0;38.73;36.47;10
264328;Metallverarbeitung;März;49170.0;34.86;23.83;7
211859;Bäckerei;März;77008.0;37.34;22.38;9
870633;Hotel;Februar;16357.0;33.17;24.06;3
704259;Logistik;März;59084.0;33.38;32.04;3
808858;Logistik;Januar_FEHLER;33459.0;26.23;22.41;4
146196;Hotel;Januar_FEHLER;54339.0;26.25;36.57;3
494753;Metallverarbeitung;Februar;68586.0;31.13;34.88;8
277501;Bäckerei;Februar;35015.0;34.59;29.67;3
930429;Hotel;März;66409.0;31.04;29.18;5
924206;Metallverarbeitung;Januar_FEHLER;35801.0;37.51;30.01;7
631168;Bäckerei;März;15568.0;35.65;25.39;8
991912;Supermarkt;März;;39.65;32.74;4
959378;Supermarkt;Februar;20685.0;26.81;24.48;7
914014;Hotel;Februar;72441.0;34.04;33.4;9
488564;Logistik;Januar_FEHLER;23516.0;28.95;36.83;1
778281;Hotel;Februar;54108.0;44.61;28.93;4
714987;Supermarkt;Januar_FEHLER;28005.0;31.18;31.87;7
888474;Supermarkt;Januar_FEHLER;15166.0;34.24;37.12;7
469869;Hotel;März;76199.0;27.17;22.8;10
620478;Supermarkt;Januar_FEHLER;16977.0;27.03;32.95;2
274329;Metallverarbeitung;März;24790.0;44.07;22.01;1
609618;Metallverarbeitung;Februar;20301.0;39.05;34.29;2
761757;Hotel;März;63410.0;36.43;30.34;5
389070;Metallverarbeitung;März;14199.0;26.22;26.08;6
510703;Logistik;Januar_FEHLER;75088.0;26.98;36.61;4
581690;Supermarkt;März;10124.0;39.77;27.18;9
883323;Supermarkt;Januar_FEHLER;78832.0;26.08;24.01;2
420247;Bäckerei;Januar_FEHLER;40800.0;38.52;35.48;7
261350;Metallverarbeitung;Februar;68074.0;30.22;27.5;7
750126;Supermarkt;Februar;24692.0;32.82;26.98;9
175916;Hotel;Januar_FEHLER;27650.0;31.48;37.75;5
529011;Logistik;Januar_FEHLER;58711.0;43.35;28.37;8
612150;Metallverarbeitung;Januar_FEHLER;33253.0;32.69;37.96;9
600460;Metallverarbeitung;Januar_FEHLER;23853.0;33.32;23.05;1
413751;Hotel;Januar_FEHLER;66771.0;31.58;33.67;9
880975;Hotel;Januar_FEHLER;6010.0;28.71;30.81;1
451737;Logistik;Februar;77706.0;39.71;37.85;6
541978;Metallverarbeitung;März;22005.0;27.39;26.66;4
477030;Supermarkt;Januar_FEHLER;40066.0;30.66;35.22;1
462973;Hotel;Januar_FEHLER;28565.0;44.15;35.18;1
897831;Hotel;Februar;46245.0;42.3;35.77;1
641755;Hotel;März;65064.0;35.06;36.27;7
102203;Logistik;Februar;;29.13;35.4;1
251461;Bäckerei;Februar;23132.0;42.13;31.6;5
894252;Bäckerei;März;28647.0;30.97;23.77;5
623756;Bäckerei;März;15965.0;26.31;28.49;8
535876;Bäckerei;Februar;58241.0;27.17;36.4;7
309450;Supermarkt;Februar;82661.0;35.83;24.28;1
667081;Logistik;Februar;75569.0;44.06;32.37;8
261209;Hotel;Januar_FEHLER;8274.0;30.69;34.8;8
432697;Supermarkt;Februar;18923.0;42.37;31.93;2
720828;Supermarkt;Februar;67237.0;35.22;28.3;10
873215;Bäckerei;Februar;18329.0;33.45;28.49;6
641071;Metallverarbeitung;Februar;29070.0;33.17;23.52;6
855948;Hotel;Februar;29550.0;42.43;34.71;6
843681;Logistik;März;84510.0;38.59;24.07;4
322873;Hotel;Februar;73030.0;30.49;28.41;2
244619;Supermarkt;Februar;54984.0;29.86;31.61;4
253759;Logistik;Januar_FEHLER;27661.0;40.37;35.98;7
860398;Hotel;Februar;30789.0;41.54;27.32;4
833829;Metallverarbeitung;Januar_FEHLER;10466.0;32.54;36.0;10
160398;Bäckerei;Februar;61998.0;28.01;24.43;2
619795;Metallverarbeitung;Januar_FEHLER;84287.0;42.61;27.44;4
667588;Supermarkt;März;7989.0;28.01;37.06;2
115839;Metallverarbeitung;März;57209.0;35.07;31.24;1
640506;Bäckerei;Februar;16011.0;27.91;27.09;9
849459;Hotel;Januar_FEHLER;19561.0;27.35;34.27;6
861802;Bäckerei;Februar;79253.0;26.04;33.66;2
220096;Logistik;Februar;63055.0;31.01;36.68;10
254612;Metallverarbeitung;Februar;69049.0;30.59;35.56;7
720830;Metallverarbeitung;Januar_FEHLER;38603.0;34.18;34.45;5
955546;Supermarkt;Februar;;38.49;26.64;5
898354;Supermarkt;Januar_FEHLER;21030.0;26.98;27.73;10
983237;Metallverarbeitung;Februar;44045.0;26.61;37.66;9
233913;Logistik;März;36498.0;26.41;31.73;8
736253;Metallverarbeitung;Februar;14412.0;29.13;30.36;2
324518;Hotel;Februar;29790.0;38.79;36.62;9
861620;Logistik;Januar_FEHLER;9513.0;28.71;34.0;4
597151;Metallverarbeitung;Januar_FEHLER;46682.0;44.14;33.67;5
105015;Supermarkt;März;54094.0;32.22;28.64;5
589339;Bäckerei;Februar;18862.0;28.09;34.08;7
468751;Supermarkt;März;36682.0;28.12;27.22;10
415901;Supermarkt;Januar_FEHLER;35213.0;31.34;30.2;2
798014;Logistik;Februar;21541.0;36.56;25.69;6
790927;Logistik;Januar_FEHLER;79226.0;37.09;27.61;4
777113;Metallverarbeitung;März;17960.0;32.55;35.33;1
666264;Metallverarbeitung;Februar;26747.0;33.89;36.09;5
466761;Hotel;März;29994.0;30.54;30.45;7
266295;Hotel;Februar;16446.0;32.8;22.04;5
559759;Metallverarbeitung;Februar;27568.0;44.96;29.14;5
786220;Logistik;März;84903.0;38.87;31.02;4
420847;Bäckerei;Februar;49467.0;27.39;33.34;2
220095;Bäckerei;März;58463.0;27.08;23.6;6
148628;Hotel;Februar;82404.0;37.22;28.19;3
566424;Bäckerei;Januar_FEHLER;;40.48;32.29;3
402311;Supermarkt;März;38708.0;35.22;29.68;6
959705;Bäckerei;Januar_FEHLER;38456.0;42.16;31.47;6
767570;Metallverarbeitung;Januar_FEHLER;66609.0;33.06;35.87;4
872058;Bäckerei;Januar_FEHLER;64142.0;39.68;29.28;10
602295;Logistik;März;54809.0;44.27;31.32;1
263284;Supermarkt;Januar_FEHLER;15212.0;27.5;23.32;7
868521;Supermarkt;Januar_FEHLER;65744.0;42.96;25.26;10
902898;Hotel;Januar_FEHLER;61626.0;36.72;31.97;10
265656;Bäckerei;Januar_FEHLER;59465.0;42.14;30.89;2
272972;Hotel;Januar_FEHLER;27823.0;27.18;36.49;3
845832;Hotel;Februar;46317.0;26.41;24.51;2
774234;Hotel;Januar_FEHLER;43964.0;30.1;30.32;3
328955;Metallverarbeitung;Februar;71116.0;27.39;31.65;4
503034;Hotel;März;72109.0;27.99;27.87;10
458232;Metallverarbeitung;März;12129.0;40.59;37.83;1
610241;Logistik;März;10824.0;38.98;29.61;9
111642;Bäckerei;Januar_FEHLER;65011.0;40.23;33.68;1
535034;Supermarkt;Februar;44169.0;26.06;22.41;7
335441;Metallverarbeitung;Januar_FEHLER;55552.0;32.36;23.78;6
705380;Bäckerei;Februar;63283.0;39.61;35.66;4
671811;Bäckerei;März;47942.0;34.1;30.28;5
160853;Bäckerei;Januar_FEHLER;72080.0;30.1;33.34;2
713141;Metallverarbeitung;März;27517.0;30.64;23.35;1
179245;Logistik;Januar_FEHLER;80779.0;35.81;33.3;9
555628;Hotel;März;44458.0;44.38;31.66;7
158594;Bäckerei;Januar_FEHLER;26066.0;40.25;32.82;2
851599;Supermarkt;März;42544.0;36.06;29.32;10
196170;Hotel;März;55501.0;39.1;32.07;3
605947;Supermarkt;März;76189.0;33.45;30.94;8
216735;Metallverarbeitung;Januar_FEHLER;20810.0;30.78;31.81;10
725014;Logistik;März;40128.0;35.89;37.21;8
